Country,City,Weekday mean,Weekend mean,Daily mean,Year
BE,Antwerp Zuid,1252.96,1292.69,1275.66,2019-01-01
BE,Antwerp Zuid,1005.7,1301.75,1174.88,2020-01-01
NL,Amsterdam,930.82,1027.65,986.15,2019-01-01
GB,Bristol,743.2,1138.76,969.23,2018-01-01
ES,Barcelona,783.88,1101.17,965.19,2017-01-01
CH,Zurich,702.26,1108.54,934.42,2017-01-01
NL,Amsterdam,788.34,1040.37,932.36,2018-01-01
BE,Antwerp Zuid,745.17,1042.01,914.79,2016-01-01
CH,St. Gallen Hofen,758.95,1022.98,909.82,2019-01-01
GB,London,730.36,1043.74,909.43,2015-01-01
GB,London,790.53,999.31,894.92,2016-01-01
CH,Zurich,777.54,975.99,890.94,2019-01-01
CH,Zurich,738.76,976.06,874.36,2020-01-01
CH,Zurich,703.15,970.57,855.96,2018-01-01
BE,Antwerp Zuid,765.77,890.05,836.79,2013-01-01
BE,Antwerp Zuid,740.82,884.51,822.93,2017-01-01
CH,St. Gallen Hofen,661.47,941.86,821.69,2017-01-01
CH,Geneva,633.02,916.2,794.84,2017-01-01
BE,Antwerp Zuid,686.02,836.11,771.79,2018-01-01
NL,Amsterdam,708.56,813.7,768.64,2020-01-01
GB,Bristol,549.85,908.4,754.74,2017-01-01
BE,Antwerp Zuid,658.3,804.86,742.05,2012-01-01
IS,Reykjavik Klettagarðar,657.61,802.98,740.68,2019-01-01
GB,London,708.4,759.03,737.33,2014-01-01
NL,Amsterdam,642.78,802.49,734.04,2017-01-01
ES,Barcelona,634.45,807.24,733.19,2018-01-01
CH,Zurich,610.15,806.81,722.53,2016-01-01
BE,Antwerp Zuid,610.56,804.15,721.18,2011-01-01
CH,Basel,657.75,760.8,716.63,2019-01-01
NL,Amsterdam,651.88,764.75,716.38,2014-01-01
ES,Castellon,613.61,790.01,714.41,2019-01-01
GB,London,799.35,644.13,710.65,2013-01-01
CH,St. Gallen Hofen,565.3,815.62,708.34,2018-01-01
ES,Barcelona,746.58,665.59,700.3,2019-01-01
ES,Barcelona,575.95,791.47,699.1,2016-01-01
CH,St. Gallen Hofen,625.08,758.57,691.83,2020-01-01
CH,Zurich,544.72,779.34,678.79,2013-01-01
CH,Geneva,641.74,712.05,676.89,2019-01-01
NL,Amsterdam,589.82,695.99,650.49,2012-01-01
NL,Amsterdam,628.75,654.34,644.1,2011-01-01
NL,Amsterdam,533.78,722.68,641.72,2015-01-01
BE,Antwerp Zuid,541.93,700.76,632.69,2014-01-01
BE,Antwerp Zuid,612.26,627.77,621.12,2015-01-01
GB,London,509.08,701.13,618.82,2019-01-01
ES,Santiago,543.01,661.6,610.78,2020-01-01
CH,Geneva,490.41,682.96,600.44,2018-01-01
DK,Copenhagen,359.31,780.0,599.71,2019-01-01
CH,Zurich,465.74,697.68,598.27,2014-01-01
SI,Koper,558.28,618.57,592.73,2019-01-01
ES,Valencia (3),444.83,694.34,587.41,2018-01-01
CH,Basel,530.38,626.57,585.35,2018-01-01
CH,Berne,536.68,590.06,567.18,2020-01-01
CH,Basel,426.89,698.84,562.86,2017-01-01
NL,Eindhoven,487.83,588.61,545.42,2019-01-01
ES,Barcelona,450.01,603.97,537.98,2013-01-01
CH,Zurich,434.59,600.37,529.32,2015-01-01
CH,Berne,412.47,614.37,527.84,2017-01-01
FR,Paris Seine Centre,550.85,505.58,524.98,2018-01-01
NL,Eindhoven,445.4,581.11,522.95,2020-01-01
HR,Zagreb,431.32,569.44,510.24,2020-01-01
ES,Molina de Segura,440.28,562.18,509.94,2016-01-01
ES,Madrid VdlV,478.82,524.38,504.86,2019-01-01
CH,Geneva,496.31,505.38,501.5,2020-01-01
ES,Santiago,444.17,542.82,500.54,2019-01-01
CH,Berne,465.48,525.74,499.92,2018-01-01
NL,Eindhoven,407.31,565.79,497.87,2016-01-01
NL,Utrecht,423.42,546.29,493.63,2020-01-01
BE,Boom,551.75,442.61,489.38,2019-01-01
ES,Valencia (3),398.13,555.95,488.31,2019-01-01
CH,Berne,435.55,523.58,485.85,2019-01-01
CH,Geneva,416.97,552.44,484.7,2016-01-01
IS,Reykjavik Klettagarðar,408.81,530.77,478.5,2018-01-01
CZ,Prague,393.96,540.9,477.92,2019-01-01
BE,Brussels,450.09,492.28,474.2,2020-01-01
BE,Brussels,384.8,538.03,472.36,2015-01-01
BE,Antwerp Deurne,438.1,487.11,466.1,2015-01-01
DK,Copenhagen,404.04,511.98,465.72,2018-01-01
ES,Barcelona,412.91,497.24,461.1,2014-01-01
NL,Utrecht,424.48,487.09,460.25,2019-01-01
DE,Hamburg (2),381.24,572.21,459.17,2020-01-01
ES,Madrid VdlV,400.12,502.79,458.79,2017-01-01
BE,Brussels,410.98,487.24,454.56,2019-01-01
PT,Lisbon,395.06,499.13,454.53,2018-01-01
CH,Basel,406.63,488.61,453.47,2014-01-01
PT,Lisbon,392.08,499.29,453.34,2019-01-01
CH,St. Gallen Hofen,373.51,507.93,450.32,2016-01-01
SI,Ljubljana,448.69,450.55,449.76,2017-01-01
CH,Geneva,391.19,489.96,447.63,2014-01-01
ES,Barcelona,406.12,471.64,443.56,2015-01-01
BE,Antwerp Deurne,378.22,491.09,442.72,2013-01-01
CH,Geneva,394.13,479.1,442.68,2015-01-01
ES,Castellon,440.19,436.19,437.9,2020-01-01
NL,Eindhoven,366.66,490.5,437.42,2011-01-01
IS,Reykjavik Klettagarðar,347.67,504.56,437.32,2017-01-01
CH,Zurich,378.06,480.96,436.86,2012-01-01
CH,Basel,419.27,449.68,436.64,2013-01-01
CH,Basel,381.01,475.79,435.17,2016-01-01
BE,Brussels,357.2,489.03,432.53,2018-01-01
SI,Ljubljana,365.78,477.66,429.71,2019-01-01
DE,Dortmund,377.33,467.18,428.67,2017-01-01
DE,Frankfurt (3),379.79,464.04,427.93,2017-01-01
NL,Eindhoven,372.55,469.2,427.78,2017-01-01
CH,St. Gallen Hofen,417.43,435.47,427.74,2015-01-01
NL,Eindhoven,351.24,483.69,426.93,2018-01-01
BE,Boom,382.46,507.32,426.8,2017-01-01
NL,Eindhoven,302.39,519.79,426.62,2013-01-01
ES,Valencia (3),361.41,474.08,425.79,2017-01-01
ES,Barcelona,331.8,489.1,421.68,2011-01-01
DE,Dortmund,432.79,411.7,420.74,2016-01-01
BE,Boom,485.2,366.17,417.18,2020-01-01
BE,Brussels,354.68,463.44,416.83,2016-01-01
NL,Utrecht,393.84,430.18,414.6,2018-01-01
FR,Paris Seine Centre,416.87,405.85,410.58,2020-01-01
BE,Antwerp Deurne,374.45,436.0,409.62,2016-01-01
AT,Kufstein,360.62,436.61,404.04,2020-01-01
ES,Valencia (3),328.07,456.57,401.5,2013-01-01
IT,Milan,348.0,437.07,401.44,2020-01-01
ES,Barcelona,367.0,425.78,400.59,2012-01-01
FR,Fort-de-France P,402.74,397.12,398.99,2017-01-01
HR,Zagreb,334.69,441.19,395.55,2019-01-01
CH,St. Gallen Hofen,327.79,444.47,394.46,2013-01-01
IT,Bozen,337.86,434.63,393.16,2018-01-01
NL,Amsterdam,344.85,429.11,393.0,2013-01-01
DE,Hamburg (2),323.25,445.04,392.84,2017-01-01
GB,London,361.2,424.22,392.71,2011-01-01
GB,Bristol,245.65,498.98,390.41,2016-01-01
CH,Lugano,356.64,399.41,381.08,2016-01-01
NL,Eindhoven,330.04,406.23,380.83,2014-01-01
DE,Dortmund,329.04,416.62,379.08,2018-01-01
ES,Valencia (3),370.25,384.1,378.16,2014-01-01
IT,Bozen,314.72,425.08,377.79,2019-01-01
DE,Dortmund,314.73,419.82,374.78,2019-01-01
BE,Brussels,336.8,401.56,373.81,2017-01-01
CH,Geneva,298.62,410.87,373.45,2013-01-01
ES,Castellon,368.74,373.7,371.57,2011-01-01
PT,Lisbon,343.67,382.4,365.8,2020-01-01
CH,Berne,355.4,372.34,365.08,2014-01-01
ES,Castellon,310.83,405.05,364.67,2016-01-01
BE,Antwerp Deurne,268.51,435.21,363.77,2014-01-01
IT,Milan,352.0,369.84,362.19,2018-01-01
NL,Utrecht,336.92,370.91,356.34,2011-01-01
ES,Santiago,255.4,424.7,352.14,2018-01-01
CH,St. Gallen Hofen,274.55,408.32,350.99,2014-01-01
NL,Eindhoven,285.03,398.43,349.83,2012-01-01
NL,Utrecht,287.28,387.88,344.77,2012-01-01
DE,Berlin (4),306.05,370.85,343.08,2018-01-01
ES,Santiago,253.35,409.68,342.68,2017-01-01
DK,Copenhagen,284.12,385.06,341.8,2014-01-01
IT,Milan,302.44,370.67,341.43,2017-01-01
CH,Geneva,381.05,311.23,341.15,2012-01-01
DK,Copenhagen,244.05,406.98,337.15,2015-01-01
ES,Valencia (3),290.27,371.45,336.66,2015-01-01
SI,Ljubljana,309.05,356.29,336.05,2020-01-01
AT,Innsbruck,285.91,372.71,335.51,2018-01-01
IT,Bozen,295.15,361.56,333.1,2020-01-01
AT,Innsbruck,290.06,359.91,329.97,2019-01-01
PT,Porto,339.91,322.3,329.85,2020-01-01
CH,Berne,299.41,345.43,325.71,2016-01-01
FR,Paris Seine Centre,222.14,400.81,324.24,2017-01-01
DE,Dortmund,285.29,353.29,324.14,2013-01-01
SE,Stockholm (2),232.08,391.77,323.34,2020-01-01
NL,Eindhoven,150.1,452.75,323.04,2015-01-01
SI,Koper,317.6,324.39,320.99,2020-01-01
AT,Innsbruck,276.69,353.65,320.67,2020-01-01
ES,Castellon,285.92,344.68,319.5,2017-01-01
NL,Nieuwegein Ijssel.,252.72,366.35,317.65,2017-01-01
ES,Madrid VdlV,275.23,347.41,316.47,2018-01-01
BE,Antwerp Deurne,317.08,314.54,315.63,2012-01-01
CH,Lausanne,253.48,359.25,313.92,2015-01-01
CH,Lausanne,254.26,355.12,311.89,2014-01-01
NL,Utrecht,272.94,338.43,310.36,2016-01-01
IT,Milan,297.34,313.53,306.59,2016-01-01
GB,Bristol,238.38,357.16,306.25,2015-01-01
DE,Dortmund,307.85,302.92,305.04,2020-01-01
DE,Hannover (2),248.69,343.57,302.91,2017-01-01
ES,Castellon,363.1,246.51,296.47,2018-01-01
DE,Berlin (4),282.36,296.78,290.6,2017-01-01
SI,Ljubljana,259.45,319.31,289.38,2018-01-01
NL,Utrecht,271.54,301.64,288.74,2017-01-01
IS,Reykjavik Klettagarðar,231.54,322.03,283.25,2020-01-01
CH,Basel,276.35,284.87,281.22,2012-01-01
DE,Dortmund,249.97,294.59,275.46,2015-01-01
FR,Paris Seine Centre,222.02,312.18,273.54,2019-01-01
CY,Limassol,246.5,291.8,272.39,2019-01-01
PT,Lisbon,270.57,272.11,271.6,2017-01-01
NO,Oslo,217.31,311.15,270.93,2014-01-01
CZ,Prague,243.01,286.63,267.94,2020-01-01
CH,Berne,252.98,274.89,265.5,2012-01-01
PT,Porto,225.43,293.54,264.35,2019-01-01
CH,Berne,241.9,281.16,264.34,2013-01-01
PT,Lisbon,238.03,284.06,264.33,2015-01-01
FR,Bordeaux I,192.71,316.23,263.29,2017-01-01
ES,Castellon,218.86,296.04,262.96,2012-01-01
ES,Valencia (3),165.37,333.82,261.63,2016-01-01
SI,Novo mesto,171.54,325.63,259.59,2019-01-01
PT,Lisbon,235.86,274.53,257.96,2016-01-01
FR,Bordeaux I,241.26,268.38,256.76,2019-01-01
NL,Oudewater,156.96,322.53,251.57,2017-01-01
BE,Oostende,249.44,249.33,249.38,2019-01-01
GB,Bristol,192.54,290.11,248.3,2014-01-01
SI,Domžale-Kamnik,181.25,298.01,247.97,2019-01-01
FR,Bordeaux I,214.08,269.99,246.03,2016-01-01
BE,Ruisbroek (Puurs),225.96,260.22,245.54,2017-01-01
DE,Dortmund,267.38,225.17,243.26,2014-01-01
FR,Paris Seine Centre,195.67,277.91,242.66,2013-01-01
IT,Milan,211.05,264.78,241.75,2012-01-01
CH,Lugano,247.7,235.28,240.6,2014-01-01
ES,Santiago,144.74,311.4,239.97,2012-01-01
NO,Oslo,189.24,277.58,239.72,2020-01-01
IT,Milan,221.98,251.5,238.85,2011-01-01
SI,Maribor,177.91,282.18,237.5,2019-01-01
IT,Milan,224.29,245.75,236.55,2019-01-01
DE,Munich Gut_Grosslappen,182.93,275.27,235.7,2019-01-01
BE,Merchtem,226.69,240.84,234.78,2017-01-01
HR,Zagreb,208.55,254.03,234.54,2018-01-01
FR,Paris Seine Centre,192.97,264.7,233.96,2014-01-01
IT,Milan,196.89,260.38,233.17,2013-01-01
PT,Almada,263.08,210.69,233.14,2020-01-01
ES,Molina de Segura,226.28,237.66,232.78,2015-01-01
CH,Berne,207.3,245.16,228.93,2015-01-01
CH,Lugano,225.15,230.99,228.49,2015-01-01
CY,Nicosia,207.53,237.26,224.52,2019-01-01
BE,Brussels,231.52,218.02,223.81,2013-01-01
AT,Innsbruck,186.49,250.0,222.78,2017-01-01
CH,St. Gallen Hofen,183.78,251.45,222.45,2012-01-01
NL,Utrecht,240.35,205.1,220.2,2014-01-01
PT,Porto,197.12,236.26,219.48,2018-01-01
NO,Oslo,173.76,253.37,219.25,2019-01-01
DK,Copenhagen,174.43,251.64,218.55,2013-01-01
DE,Stuttgart,180.27,253.36,216.82,2017-01-01
HR,Zagreb,180.46,243.13,216.27,2017-01-01
AT,Wasserverband Hofsteig,172.33,248.33,215.76,2019-01-01
FR,Paris Seine Centre,136.88,274.32,215.42,2012-01-01
SE,Stockholm (2),170.22,241.98,211.23,2019-01-01
ES,Santiago,149.82,272.62,211.22,2011-01-01
NO,Oslo,154.22,253.0,210.67,2018-01-01
AT,Hall-Wattens,196.07,221.02,210.32,2020-01-01
IT,Milan,198.86,214.94,208.05,2014-01-01
FR,Paris Seine Centre,189.12,219.18,206.3,2011-01-01
ES,Castellon,155.19,244.59,206.28,2014-01-01
IT,Milan,183.77,222.88,206.12,2015-01-01
AT,Hall-Wattens,172.06,225.15,202.4,2019-01-01
FR,Bordeaux I,107.7,272.05,201.61,2018-01-01
NL,Utrecht,140.99,242.78,199.16,2013-01-01
AT,Wasserverband Hofsteig,150.76,231.1,196.67,2020-01-01
DE,Saarbrucken (2),187.39,197.94,193.42,2017-01-01
AT,Hall-Wattens,165.59,213.23,192.81,2018-01-01
DE,Berlin (4),163.27,212.97,191.67,2014-01-01
DE,Munich Gut_Grosslappen,215.77,175.03,191.33,2020-01-01
BE,Brussels,149.2,215.69,187.19,2012-01-01
DE,Munich Gut_Grosslappen,152.88,212.7,187.06,2018-01-01
BE,Brussels,150.15,209.95,184.32,2011-01-01
DE,Saarbrucken (2),156.12,205.02,184.06,2018-01-01
AT,Wasserverband Hofsteig,133.62,218.07,181.88,2018-01-01
DE,Magdeburg,165.99,191.89,180.79,2020-01-01
SI,Domžale-Kamnik,111.07,222.53,174.76,2018-01-01
ES,Castellon,140.59,199.95,174.51,2013-01-01
DE,Saarbrucken (2),154.33,185.55,172.17,2019-01-01
FR,Paris Seine Centre,137.19,193.9,169.6,2016-01-01
DE,Berlin (4),160.76,175.52,169.2,2015-01-01
DE,Saarbrucken (2),147.64,182.4,167.51,2020-01-01
ES,Santiago,153.43,173.98,165.17,2014-01-01
PT,Almada,154.11,168.87,162.54,2019-01-01
HR,Zagreb,124.93,190.35,162.32,2016-01-01
AT,Innsbruck,127.75,187.62,161.96,2016-01-01
FR,Paris Seine Centre,124.19,189.59,161.56,2015-01-01
SI,Domžale-Kamnik,153.46,167.32,161.38,2020-01-01
PT,Porto,136.28,178.17,160.22,2017-01-01
SI,Velenje,153.7,158.81,156.62,2019-01-01
AT,Graz,124.5,176.46,154.19,2019-01-01
CY,Limassol,137.36,165.54,153.46,2016-01-01
NO,Oslo,114.37,179.31,151.48,2015-01-01
SI,Velenje,128.25,163.05,148.13,2020-01-01
NL,Utrecht,148.21,148.03,148.1,2015-01-01
AT,Kapfenberg,136.35,154.04,146.46,2020-01-01
BE,Oostende,125.64,159.76,145.14,2017-01-01
SE,Stockholm (2),106.53,172.35,144.14,2016-01-01
ES,Santiago,111.86,165.78,142.68,2016-01-01
DE,Munich Gut_Grosslappen,109.23,163.36,140.16,2017-01-01
SI,Maribor,124.18,151.31,139.68,2020-01-01
BE,Oostende,102.19,166.92,139.17,2018-01-01
NO,Oslo,121.09,164.37,138.4,2016-01-01
AT,Graz,98.53,168.0,138.22,2020-01-01
PT,Almada,69.55,187.23,136.79,2018-01-01
DE,Magdeburg,113.66,153.16,136.23,2017-01-01
DE,Rostock,117.93,149.79,136.13,2017-01-01
ES,Santiago,98.48,162.57,135.1,2015-01-01
DE,Dülmen,105.81,156.53,134.79,2020-01-01
ES,Santiago,103.78,150.03,130.21,2013-01-01
DE,Dülmen,83.24,164.29,129.55,2019-01-01
DE,Mainz,116.86,137.16,128.46,2017-01-01
ES,Castellon,84.59,158.18,126.64,2015-01-01
RS,Novi Sad,134.55,119.5,125.95,2020-01-01
AT,Strass im Zillertal,97.09,140.88,122.11,2020-01-01
DE,Dülmen,68.01,153.57,116.9,2018-01-01
BE,Ninove,91.65,106.09,114.17,2014-01-01
DE,Munich Gut_Grosslappen,94.7,128.11,113.79,2016-01-01
DE,Dülmen,84.19,131.83,111.41,2017-01-01
BE,Koksijde,121.54,102.82,110.84,2019-01-01
SI,Novo mesto,88.61,121.57,107.44,2020-01-01
PT,Lisbon,100.73,112.92,106.82,2013-01-01
BE,Ninove,88.37,119.58,106.2,2013-01-01
FR,Paris South Suburbs,51.67,143.8,104.31,2017-01-01
SE,Gävle,69.19,129.32,103.55,2020-01-01
IS,Reykjavik Klettagarðar,75.6,119.37,100.61,2016-01-01
HR,Zagreb,88.22,109.66,100.47,2015-01-01
BE,Ninove,73.29,117.45,98.52,2015-01-01
BE,Oostende,74.5,115.63,98.0,2016-01-01
SK,Bratislava (2),79.57,111.4,97.76,2018-01-01
NO,Oslo,83.03,109.66,96.35,2012-01-01
SE,Uppsala,71.96,111.83,94.74,2020-01-01
NO,Oslo,90.98,93.81,92.59,2017-01-01
SI,Maribor,73.97,106.51,92.56,2018-01-01
PT,Porto,93.98,91.25,92.42,2015-01-01
PT,Porto,75.48,102.2,90.75,2016-01-01
LT,Klaipeda,75.3,100.86,89.91,2020-01-01
LT,Klaipeda,68.59,103.65,88.63,2019-01-01
BE,Koksijde,73.15,97.48,87.05,2018-01-01
SE,Gävle,73.41,94.61,85.53,2019-01-01
DE,Dülmen,62.87,99.96,84.07,2016-01-01
AT,Klosterneuburg,66.35,96.16,83.39,2015-01-01
PT,Almada,98.94,69.97,82.39,2017-01-01
FI,Helsinki,60.55,98.05,81.98,2020-01-01
CY,Nicosia,66.39,92.85,81.51,2016-01-01
BE,Oostende,68.23,90.08,80.71,2015-01-01
GR,Athens,67.43,89.53,80.06,2014-01-01
HR,Zagreb,67.06,89.76,80.03,2013-01-01
DE,Munich Gut_Grosslappen,73.22,84.14,79.46,2014-01-01
SE,Sandviken,43.95,105.66,79.21,2020-01-01
CY,Limassol,85.26,74.2,78.94,2015-01-01
LV,Riga,57.09,94.79,78.63,2020-01-01
SK,Bratislava (2),73.01,82.36,78.35,2017-01-01
HR,Zagreb,65.75,86.19,77.43,2014-01-01
SK,Bratislava (2),71.11,81.87,77.26,2016-01-01
BE,Koksijde,48.23,98.73,77.09,2016-01-01
BE,Koksijde,57.22,89.88,75.89,2017-01-01
AT,Region Millstattersee,69.46,80.41,75.72,2020-01-01
LT,Vilnius,48.95,95.52,75.56,2019-01-01
FI,Helsinki,52.83,89.54,73.81,2019-01-01
AT,Region Millstattersee,56.45,83.83,72.1,2018-01-01
DE,Erfurt,55.51,86.54,71.02,2020-01-01
LT,Vilnius,51.75,85.43,70.99,2020-01-01
NO,Oslo,40.46,91.94,69.88,2013-01-01
HR,Zagreb,56.37,79.87,69.8,2012-01-01
MT,Malta,61.5,73.66,68.45,2015-01-01
PT,Almada,57.12,76.35,68.11,2016-01-01
BE,Geraardsbergen,50.01,64.5,66.26,2014-01-01
SK,Bratislava (2),47.69,80.08,66.2,2015-01-01
LT,Kaunas,58.04,70.83,65.35,2020-01-01
LT,Kaunas,45.4,80.26,65.32,2019-01-01
AT,Kapfenberg,54.24,72.58,64.72,2019-01-01
BE,Brugge,73.1,57.83,64.37,2018-01-01
PT,Almada,54.83,70.16,63.59,2015-01-01
CZ,Karlovy Vary,51.8,72.28,63.51,2020-01-01
GR,Athens,52.82,70.68,63.03,2015-01-01
FI,Helsinki,43.96,77.08,62.88,2018-01-01
LT,Klaipeda,40.09,79.6,62.67,2018-01-01
SK,Bratislava (2),62.3,62.87,62.62,2019-01-01
SE,Uppsala,55.47,67.37,62.27,2019-01-01
CY,Nicosia,66.66,56.98,61.13,2015-01-01
CY,Nicosia,59.38,62.22,61.0,2013-01-01
SE,Söderhamn,29.1,82.06,59.36,2020-01-01
GR,Athens,60.13,58.52,59.21,2013-01-01
CY,Nicosia,52.86,61.65,57.88,2020-01-01
IS,Reykjavik Klettagarðar,56.81,58.62,57.84,2015-01-01
LT,Kaunas,42.25,69.09,57.59,2018-01-01
LV,Riga,52.81,60.74,57.34,2019-01-01
FR,Paris South Suburbs,47.72,63.56,56.77,2018-01-01
GR,Athens,50.73,59.81,55.91,2019-01-01
BE,Geraardsbergen,46.9,62.03,55.55,2015-01-01
AT,Region Millstattersee,33.71,71.79,55.47,2019-01-01
PT,Almada,45.22,61.44,54.49,2014-01-01
TR,Istanbul (II-VII),52.69,55.75,54.44,2020-01-01
PL,Krakow P,45.31,60.45,53.96,2020-01-01
NO,Oslo,45.59,57.83,52.59,2011-01-01
DE,Erfurt,38.95,61.83,52.03,2019-01-01
BE,Koksijde,42.32,58.71,51.68,2013-01-01
BE,Koksijde,45.35,56.32,51.62,2015-01-01
CZ,Prague,53.7,49.75,51.45,2013-01-01
HR,Zagreb,42.57,55.48,49.95,2011-01-01
LT,Vilnius,33.42,62.08,49.8,2018-01-01
DE,Erfurt,38.33,56.23,48.56,2017-01-01
DE,Dülmen,33.46,59.66,48.43,2013-01-01
CZ,Prague,39.18,55.22,48.34,2012-01-01
FI,Espoo,36.5,55.44,47.33,2020-01-01
FI,Espoo,34.94,55.39,46.63,2019-01-01
PL,Krakow P,36.41,54.2,46.57,2019-01-01
DE,Erfurt,37.16,52.71,46.05,2018-01-01
CZ,Ostrava,40.58,49.02,45.4,2020-01-01
FI,Lahti,33.24,52.46,44.22,2018-01-01
CY,Limassol,50.95,38.61,43.9,2020-01-01
CH,Basel,38.72,45.34,42.51,2015-01-01
DE,Dresden,33.53,48.61,42.14,2020-01-01
CZ,Brno,30.78,49.99,41.76,2019-01-01
FI,Mariehamn,27.95,51.71,41.53,2020-01-01
RS,Belgrade,34.13,47.26,40.69,2013-01-01
GR,Athens,37.15,42.38,38.28,2017-01-01
DE,Nuremberg,31.15,43.56,38.24,2020-01-01
SK,Bratislava (2),23.27,44.03,37.56,2013-01-01
FI,Lahti,32.62,41.14,37.49,2020-01-01
TR,Istanbul (II-VII),34.32,37.65,36.22,2019-01-01
LT,Vilnius,22.55,43.82,34.7,2017-01-01
DE,Dresden,25.76,38.94,33.29,2018-01-01
SK,Piestany,23.21,40.67,33.19,2019-01-01
DE,Dülmen,16.95,43.02,31.85,2014-01-01
CZ,Brno,23.0,38.36,31.78,2018-01-01
BA,Sarajevo,27.1,33.19,30.58,2013-01-01
SE,Gothenburg,23.89,35.6,30.58,2013-01-01
GR,Athens,25.25,34.28,30.41,2016-01-01
FI,Helsinki,19.86,37.48,29.93,2017-01-01
FI,Espoo,23.26,34.27,29.55,2018-01-01
DE,Dresden,20.28,34.03,28.14,2019-01-01
DE,Dülmen,15.14,33.56,27.42,2015-01-01
CZ,Ostrava,18.01,34.46,27.41,2019-01-01
DE,Chemnitz,19.58,33.15,27.34,2020-01-01
FI,Tampere,19.08,33.11,27.1,2018-01-01
CZ,Budweis,17.09,34.07,26.8,2018-01-01
DE,Munich Gut_Grosslappen,36.37,20.43,26.8,2015-01-01
SE,Gothenburg,17.63,31.04,25.3,2012-01-01
AT,Purgstall,27.42,22.11,24.39,2020-01-01
CZ,Brno,14.9,31.19,24.21,2017-01-01
FI,Mariehamn,26.87,27.25,23.98,2018-01-01
AT,Mürzzuschlag,24.29,23.58,23.89,2019-01-01
BE,Geraardsbergen,16.9,25.87,22.88,2013-01-01
AT,Purgstall,13.04,28.77,22.03,2019-01-01
SK,Piestany,8.39,32.22,22.01,2018-01-01
DE,Dresden,17.05,23.72,20.86,2017-01-01
DE,Chemnitz,20.26,20.31,20.29,2017-01-01
SK,Piestany,17.04,22.28,20.03,2016-01-01
CZ,Budweis,15.47,22.47,19.47,2019-01-01
FI,Kotka,13.54,22.09,18.43,2020-01-01
FI,Tampere,13.55,21.85,18.29,2020-01-01
DE,Nuremberg,9.28,24.73,18.11,2017-01-01
DE,Dresden,15.17,19.6,17.7,2016-01-01
FI,Turku,11.08,22.36,17.52,2020-01-01
FI,Espoo,12.1,20.8,17.07,2017-01-01
FI,Kotka,13.97,19.22,16.97,2018-01-01
FI,Vihti,10.72,21.48,16.87,2020-01-01
FI,Helsinki,11.93,20.36,16.75,2016-01-01
GR,Eleusis,20.13,13.65,16.43,2019-01-01
FI,Tampere,12.72,18.96,16.29,2017-01-01
RS,Novi Sad,14.33,16.51,15.78,2013-01-01
CY,Limassol,13.38,14.32,13.92,2013-01-01
DE,Chemnitz,6.73,18.16,13.26,2019-01-01
FI,Tampere,9.32,15.19,12.67,2019-01-01
FI,Hämeenlinna,5.16,18.1,12.55,2020-01-01
CZ,Budweis,10.39,14.09,12.5,2017-01-01
DE,Chemnitz,9.45,14.02,12.06,2018-01-01
FI,Turku,7.55,13.71,11.07,2019-01-01
FI,Lahti,9.0,12.55,11.03,2014-01-01
FI,Espoo,6.42,13.56,10.5,2016-01-01
FI,Helsinki,5.38,13.41,9.97,2015-01-01
FI,Lahti,14.95,6.16,9.93,2016-01-01
GR,Thessaloniki,10.4,9.12,9.67,2015-01-01
FI,Helsinki,7.01,11.19,9.4,2014-01-01
FI,Helsinki,5.47,12.12,9.27,2012-01-01
DE,Dresden,7.47,9.08,8.39,2014-01-01
FI,Kouvola,6.62,9.45,8.24,2018-01-01
FI,Espoo,6.05,9.18,7.84,2015-01-01
DE,Dresden,6.51,8.84,7.84,2015-01-01
FI,Kouvola,7.54,7.57,7.55,2020-01-01
FI,Hämeenlinna,8.02,6.62,7.22,2018-01-01
FI,Turku,5.22,8.24,6.94,2018-01-01
CZ,Budweis,6.3,7.24,6.83,2016-01-01
CZ,Budweis,7.19,6.53,6.82,2011-01-01
FI,Tampere,4.54,7.86,6.44,2016-01-01
SK,Piestany,4.36,7.85,6.35,2017-01-01
FI,Espoo,4.99,7.15,6.23,2014-01-01
SK,Piestany,3.87,7.87,6.15,2015-01-01
DE,Dresden,5.44,6.42,6.0,2013-01-01
FI,Kuopio,1.86,8.91,5.89,2020-01-01
FI,Seinäjoki,3.69,7.32,5.76,2020-01-01
CZ,Budweis,4.07,6.49,5.45,2015-01-01
CZ,Budweis,5.98,4.71,5.25,2012-01-01
SE,Umea,5.02,5.1,5.07,2013-01-01
FI,Tampere,4.41,5.55,5.06,2015-01-01
TR,Adana,5.09,4.73,4.89,2020-01-01
FI,Turku,3.28,5.84,4.74,2017-01-01
FI,Pori,2.89,5.39,4.32,2018-01-01
FI,Kuopio,5.41,3.46,4.3,2014-01-01
FI,Kotka,2.93,5.24,4.25,2014-01-01
FI,Pori,3.02,4.29,3.74,2020-01-01
FI,Oulu,2.88,4.35,3.72,2020-01-01
FI,Rovaniemi,3.13,3.93,3.59,2018-01-01
FI,Rovaniemi,2.59,3.73,3.24,2020-01-01
SK,Piestany,2.81,3.55,3.23,2013-01-01
FI,Kotka,1.97,4.11,3.19,2016-01-01
FI,Jyväskylä,3.36,3.02,3.17,2018-01-01
TR,Adana,3.27,2.99,3.11,2019-01-01
FI,Jyväskylä,3.01,3.02,3.01,2020-01-01
FI,Mikkeli,2.62,3.25,2.98,2020-01-01
FI,Oulu,1.84,3.43,2.75,2018-01-01
GR,Mytilene,1.23,3.72,2.65,2015-01-01
SE,Umea,1.98,3.12,2.63,2011-01-01
CZ,Budweis,2.28,2.79,2.58,2013-01-01
FI,Lappeenranta,3.16,2.12,2.57,2018-01-01
FI,Mikkeli,2.6,2.36,2.47,2018-01-01
FI,Savonlinna,1.5,2.71,2.19,2020-01-01
FI,Joensuu,2.79,1.51,2.06,2018-01-01
FI,Kemi,2.59,1.52,1.98,2018-01-01
FI,Salo,2.04,1.81,1.91,2020-01-01
FI,Savonlinna,1.79,1.96,1.89,2018-01-01
FI,Kuopio,1.11,2.44,1.87,2018-01-01
FI,Kemi,1.31,2.27,1.86,2020-01-01
FI,Vaasa,1.73,1.89,1.82,2020-01-01
FI,Turku,0.96,2.44,1.8,2016-01-01
FI,Joensuu,1.56,1.88,1.74,2020-01-01
FI,Lappeenranta,1.78,1.7,1.74,2014-01-01
FI,Rovaniemi,2.34,0.93,1.53,2016-01-01
FI,Turku,1.37,1.57,1.49,2014-01-01
FI,Lappeenranta,1.73,1.26,1.47,2020-01-01
FI,Vaasa,1.24,1.3,1.27,2018-01-01
FI,Kuopio,0.86,1.35,1.14,2016-01-01
FI,Rauma,1.09,1.04,1.06,2020-01-01
FI,Tampere,0.77,1.17,1.0,2014-01-01
FI,Kajaani,1.36,0.6,0.93,2020-01-01
FI,Joensuu,0.95,0.86,0.9,2016-01-01
FI,Seinäjoki,1.0,0.83,0.9,2018-01-01
FI,Vaasa,0.72,0.95,0.85,2014-01-01
FI,Turku,0.78,0.9,0.85,2015-01-01
FI,Kokkola,0.64,0.97,0.83,2018-01-01
FI,Kokkola,0.85,0.68,0.75,2020-01-01
FI,Savonlinna,0.7,0.44,0.55,2014-01-01
FI,Rovaniemi,0.46,0.35,0.39,2014-01-01
FI,Kajaani,0.45,0.3,0.36,2018-01-01
FI,Joensuu,1.31,0.94,0.35,2014-01-01
FI,Oulu,0.27,0.3,0.28,2014-01-01
FI,Jyväskylä,0.27,0.24,0.25,2014-01-01
FI,Pietarsaari,0.15,0.26,0.22,2020-01-01
RO,Cluj Napoca,0.0,0.0,0.0,2013-01-01
FI,Vaasa,0.0,0.0,0.0,2016-01-01
FI,Oulu,0.0,0.0,0.0,2016-01-01
FI,Lappeenranta,0.0,0.0,0.0,2016-01-01
SE,Umea,0.0,0.0,0.0,2012-01-01
FI,Turku,0.0,0.0,0.0,2012-01-01
FI,Jyväskylä,0.0,0.0,0.0,2016-01-01
FI,Savonlinna,0.0,0.0,0.0,2016-01-01
